names,Images
a,bids/example
b,bids/freesurfer
c,bids/ndmg
d,bids/broccoli:v1.0.0
e,bids/fibredensityandcrosssection
f,bids/spm
g,poldracklab/mriqc:0.15.0 
h,bids/cpac:v1.0.1a_22
I,bids/hyperalignment
j,bids/mindboggle:0.0.4-1
k,bids/mrtrix3_connectome
l,bids/rs_signal_extract:0.1
m,bids/aa:v0.2.0
n,bids/niak
o,bids/oppni:v0.7.0-1
p,poldracklab/fmriprep:unstable
q,bids/brainiak-srm
r,bids/nipypelines:0.3.0
s,bids/hcppipelines:v3.17.0-18
t,bids/magetbrain
u,bids/tracula:v6.0.0-4
v,bids/baracus
w,bids/antscorticalthickness:v2.2.0-1
x,bids/dparsf:v4.3.12
y,bids/afni_proc
z,bids/rshrf:1.0.1
aa,bids/ndmg:v0.1.0
ab,mcin/qeeg:latest
ac,camarasu/creaphase:0.3
ad,bigdatalabteam/hcp-prefreesurfer:exec-centos7.freesurferbuild-centos4-latest
ae,mcin/docker-fsl:latest
af,gkiar/onevoxel:v0.3.0rc2
ag,bigdatalabteam/hcp-prefreesurfer:exec-centos7-fslbuild-centos5-latest
ah,bt5e/ants:latest
ai,poldracklab/fmriprep:1.2.3
aj,gkiar/dwipreproc_fsl-5.0.11_minified
ak,gkiar/mask2boundary:v0.1.0
al,mcin/ica-aroma:latest
